sentiment,count,mean_happiness,median_happiness,std_happiness,mean_word_count,mean_matched_token_count,median_matched_token_count
neg,25000,5.3640204669698175,5.365116279069768,0.09968669037192499,229.46456,211.5972,162.0
pos,25000,5.474493820005489,5.468657657657658,0.12065702373055481,232.84932,212.5596,159.0
