rating,mean_happiness,count
1,5.353259752576173,10122
2,5.3642474012044605,4586
3,5.3705186645699605,4961
4,5.378209488241265,5331
7,5.4390377995112615,4803
8,5.460272684884246,5859
9,5.475844168755571,4607
10,5.4999172955390945,9731
